{"acc": 0.8470452236261077, "loss": 0.22180134246626804, "_timestamp": 1716280170.953011, "_runtime": 3.0628020763397217, "_step": 7, "_wandb": {"runtime": 1}}