{"mean households utility": 1777.8127741748667, "goverment utility": 2.3208296341104737, "wealth gini": 0.5878137500072917, "income gini": 0.5059547102748028, "GDP": 12317206.321673537, "years": 240.2, "tax per households": 6510796.967766302, "post income per households": 5447581.87552402, "wealth per households": 9580602.92024925, "households actor loss": -0.0017383487429469824, "households critic loss": 13737.4208984375, "gov actor loss": 6.5770642265761126e-09, "gov critic loss": 0.03261695057153702, "steps": 500, "_timestamp": 1716368339.8027287, "_runtime": 45.15802454948425, "_step": 0}