{"mean households utility": 1115.3133654274452, "goverment utility": 1.5331095483626453, "wealth gini": 0.6805955000747996, "income gini": 0.4380950883449394, "GDP": 9893542.870676246, "years": 150.5, "tax per households": 5795612.828077833, "post income per households": 4354026.49659464, "wealth per households": 10905606.46272552, "households actor loss": -0.0017266446957364678, "households critic loss": 13257.6142578125, "gov actor loss": 1.3154128453152225e-08, "gov critic loss": 0.021516885608434677, "steps": 1000, "_timestamp": 1716347042.6531332, "_runtime": 232.48176312446594, "_step": 1}